Project,Symbol,Launch date,Category tags,Price ($),24h change (%),7d change (%),30d change (%),90d change (%),180d change (%),24h trend (%),7d trend (%),30d trend (%),90d trend (%),180d trend (%),ATH ($),ATL ($),Volume 24h ($),Circulating market cap latest ($),Fully-diluted market cap latest ($),Volume / MC ratio (%),TVL latest ($),24h change (%),7d change (%),30d change (%),90d change (%),180d change (%),24h trend (%),7d trend (%),30d trend (%),90d trend (%),180d trend (%),7d avg. TVL ($),30d avg. TVL ($),90d avg. TVL ($),180d avg. TVL ($),Annualized GMV ($),7d total revenue ($),30d total revenue ($),90d total revenue ($),180d total revenue ($),7d change (%),30d change (%),90d change (%),180d change (%),7d trend (%),30d trend (%),90d trend (%),180d trend (%),7d protocol revenue ($),7d change (%),7d trend (%),24h protocol revenue ($),24h change (%),24h trend (%),30d protocol revenue ($),30d change (%),30d trend (%),90d protocol revenue ($),90d change (%),90d trend (%),180d protocol revenue ($),180d change (%),180d trend (%),P/S ratio latest (x),24h change (%),7d change (%),30d change (%),90d change (%),24h trend (%),7d trend (%),30d trend (%),90d trend (%),180d trend (%),7d avg. P/S ratio (x),30d avg. P/S ratio (x),90d avg. P/S ratio (x),180d avg. P/S ratio (x),P/E ratio latest (x),24h change (%),7d change (%),30d change (%),90d change (%),180d change (%),24h trend (%),7d trend (%),30d trend (%),90d trend (%),180d trend (%),7d avg. P/E ratio (x),30d avg. P/E ratio (x),90d avg. P/E ratio (x),180d avg. P/E ratio (x),Twitter followers latest
0x,ZRX,15/08/2017,DeFi Exchange,0.62,2.58,-5.49,-16.26,-49.58,-36.8,2.58,14.32,-21.76,-22.04,-23.87,2.5,0.12,22091686.27,526612880.2,621762000,5.64,,,,,,,,,,,,,,,,1.19E+11,0,0,0,226310.11,,,,-100,,,-100,-92,0,,,0,,,0,,,0,,-100,226310.11,-100,-92,,,,,,,,,,267.75,,,,117544.57,,,,,,,,,,,267.75,,,,1175.45,254509
1inch,1INCH,23/12/2020,DeFi Exchange,1.69,0.9,-5.95,-28.18,-60.47,-44.5,0.9,9.22,-24.15,-25.25,-20.73,8.65,0.77,36873126.52,700972420,2535000000,2.2,69810236.88,,-1.95,-23.16,51.09,-2.84,,,,6.54,,,,,,89875994.93,14287.52,139732.51,650585.71,2221545.17,61.68,-87.01,-93.96,-95.66,-63.38,-24.48,-57.58,-88.32,14287.52,61.68,-63.38,1151.95,-68.59,-68.59,139732.51,-87.01,-24.48,650585.71,-93.96,-57.58,2221545.17,-95.66,-88.32,134562.77,-1.21,7.98,-7.43,137.97,-1.21,25.44,10.01,0.14,122.59,139975.53,125668.63,111578.23,110768.22,1345.63,-1.21,7.98,-7.43,137.97,1.91,-1.21,25.44,10.01,0.14,122.59,1399.76,1256.69,1115.78,1107.68,1011482
88mph,MPH,10/10/2019,Asset Management DeFi Lending,41.51,-8.31,29.77,41.65,-31.46,-22.19,-8.31,100.67,-15.98,-45.12,-48.19,236.5,12.57,572262.07,18345340.31,19209707.23,3.22,75408144.52,-4.35,24.27,25.55,6.49,204.13,,36.75,-6.29,78.73,49.35,70662428.08,55347338.21,59080415.87,46288792.84,,,,,,,,,,,,,,,,,,,,,,,,,,,,,,,,,,,,,,,,,,,,,,,,,,,,,,,,,,14672
Aave,AAVE,25/11/2017,DeFi Lending,162.92,-0.08,-2.33,-22.2,-46.31,-57.36,-0.08,12.65,-21.1,-36.12,-24.06,661.69,26.02,84530576.53,2201311566,2606720000,5.16,13411981974,-3.16,4.18,1.98,-18.46,5.28,,12.96,-11.65,-7.33,56.88,13453560579,12427728528,13870360660,14458271575,6981142962,3836556.61,21413491.83,83769564.94,240144061.3,-15.63,-32.15,-51.59,-47.18,0.38,-20.16,-45.54,64.9,411795.56,-5.84,0.32,69368.01,-7.14,-7.14,2233506.69,-31.34,-20.84,8643660.09,-49.72,-43.71,24256016.31,-44.88,67.93,951.76,-0.35,3.93,-3.14,32.73,-0.35,20.64,-7.14,-12.26,-67.41,1014.84,895.06,848.22,900.3,91.3,-0.35,3.52,-2.14,24.72,-51.1,-0.35,21.3,-8.18,-13.74,-78.37,97.53,85.84,82.62,88.54,427264
Abracadabra.money,SPELL,28/05/2021,DeFi Lending,0.01,4.4,-7.37,-57.01,-72.23,852.35,4.4,1.98,-53.47,34.58,,0.04,0,33434443.19,514662167.4,1311840600,5.79,3165604698,-3.22,-2.39,-48.14,-33.2,2179.26,,5.12,-26.16,170.33,,3256834945,4211323742,4951145016,3407871008,,,,,,,,,,,,,,,,,,,,,,,,,,,,,,,,,,,,,,,,,,,,,,,,,,,,,,,,,,
Alchemix Finance,ALCX,22/01/2021,Asset Management DeFi Lending Stablecoin,162.96,4,-8.14,-46.18,-61.4,-54.5,4,4.27,-22,-26.79,,2066.2,135.79,4268959.92,180059177.9,389973057.6,1.74,1035332171,-1.45,-0.4,-13.94,-35.26,72.2,,5.19,-24.24,29.16,,1048969838,1051674578,1320130225,1177048509,,,,,,,,,,,,,,,,,,,,,,,,,,,,,,,,,,,,,,,,,,,,,,,,,,,,,,,,,,60534
Alpha Finance,ALPHA,10/05/2020,DeFi Lending,0.4,2.24,-6.08,-29.2,-65.58,-55.96,2.24,11.5,-33.49,-37.38,-27.41,2.93,0.03,6092899.29,178543771.2,400103000,5.27,827803075.7,,22.91,-21.52,-13.14,-25.94,,,-17.63,-5.22,-5.83,,,,,151759741.7,112125.94,587970.95,3343359.14,9574363.25,885.76,-5,380.14,-75.74,-45.64,-11.86,-47.15,-37.11,22425.19,885.76,-45.64,5395.92,293.4,293.4,117594.19,-5,-11.86,668671.83,380.14,-47.15,1914872.65,-75.74,-37.11,5117.31,-1.03,0.86,-22.38,20.95,-1.03,15,13.22,2.61,,5643.13,5291.1,4423.23,4368.89,255.87,-1.03,0.86,-22.38,20.95,40.72,-1.03,15,13.22,2.61,,282.16,264.56,221.16,218.44,95437
Arweave,AR,24/08/2017,Blockchain,33.45,3.82,-13.49,-32.35,-49.35,57.35,3.82,1.05,-29.57,-6.51,192.69,89.24,0.3,16181932.51,1677515451,2207700000,1.84,,,,,,,,,,,,,,,,,35593.85,102783.25,267235.87,872849.17,16.88,205.36,-61.05,1203.33,4.16,61.99,-52.84,976.14,0,,,0,,,0,,,0,,,0,,,176977.12,3.09,-34.98,-57.82,1.41,3.09,-39.19,-19.52,-58.38,-47.13,221266.37,330624.47,301872.28,502607.47,,,,,,,,,,,,,,,,57682
Autofarm,AUTO,23/04/2020,Asset Management DeFi,451.8,2,2.44,-18.36,-59.73,-57.93,2,10.75,-25.05,-42.56,-63.69,13988.94,22.81,1617233.53,15818477.62,36144000,7.51,231094474.7,-2.72,1.39,-20.69,-50.98,-75.73,,6.45,-31.62,-59.65,,233619255.8,239057967.8,349190445.3,607766474.9,,,,,,,,,,,,,,,,,,,,,,,,,,,,,,,,,,,,,,,,,,,,,,,,,,,,,,,,,,88025
Avalanche,AVAX,12/09/2020,Blockchain,82.95,2.68,7.04,-7.53,-12.1,251.11,2.68,18.44,-26.61,60.24,241.27,144.96,2.8,675424442.2,20329947116,59724000000,1.71,,,,,,,,,,,,,,,,,4013439.93,13378226.16,42366567.46,55044573.46,0.3,22.91,67.26,1622.83,53.81,16.08,242.5,1412.9,4013439.93,0.3,53.81,431640.87,-38.36,-38.36,13378226.16,22.91,16.08,42366567.46,67.26,242.5,55044573.46,1622.83,1412.9,36142.76,1.55,-8.78,-19.75,-72.8,1.55,8.55,-14.02,-61.27,-65.87,39939.31,38594.64,47794.68,85887.55,361.43,1.55,-8.78,-19.75,-72.8,-89.32,1.55,8.55,-14.02,-61.27,-65.87,399.39,385.95,477.95,858.88,
Axie Infinity,AXS,26/01/2018,DeFi Gaming NFT,59.7,2.53,3.87,-18.35,-58.25,-16.23,2.53,26,-34.39,-7.95,680.99,164.9,0.12,260935543.4,4236453177,16119000000,2.45,,,,,,,,,,,,,,,,1498301123,2661549.44,12508039.87,178790334.7,847322861.5,8.9,-48.36,-90.08,-96.96,49.06,-49.77,-73.06,101.39,2661549.44,8.9,49.06,332547.12,-29.75,-29.75,12508039.87,-48.36,-49.77,178790334.7,-90.08,-73.06,847322861.5,-96.96,101.39,9998.15,1.83,12.19,59.91,538.95,1.83,47.12,109.08,312.92,-78.19,10648.88,7441.83,4159.95,2577.64,99.98,1.83,12.19,59.91,538.95,2157.25,1.83,47.12,109.08,312.92,-78.19,106.49,74.42,41.6,25.78,
Balancer,BAL,20/06/2020,DeFi Exchange,13.73,4.17,-1.06,-20.71,-42.06,-48.3,4.17,17.09,-21.42,-32.32,-45.58,74.45,6.65,12709738.32,148275179.4,1373000000,1.21,3248744145,-0.34,3.58,1.36,-9.55,-0.33,,9.5,-3.47,-5.4,38.17,3232692762,3068164023,3190642809,3286440915,26081385173,737854.7,5830351.96,28802051.9,54638692.62,165.12,36.53,-14.41,-37.94,-50.73,-11.52,11.94,35.41,0,,,0,,,0,,,0,,,0,,,1931.22,2.41,-0.16,-9.83,-0.05,2.41,20.32,84.34,-46.42,-54.91,2109.55,1935.98,1472.82,2107.26,,,,,,,,,,,,,,,,121798
Bancor,BNT,21/09/2017,DeFi Exchange,2.57,0.7,-4,-18.18,-41.97,-35.61,0.7,9.44,-19.63,-20.23,-31.36,10.72,0.12,13915856.52,659304847.6,659192622.9,3.69,1110685059,-5.03,-0.05,-19.76,-39.02,-28.2,,12.99,-14.18,-15.06,-3.03,1148454972,1122630247,1322017779,1444686225,8978561820,263475.9,2114636.77,10497896.39,25654730,5.95,-8.87,-23.37,-38.51,-14.06,-36.38,-29.3,-40.22,131737.95,5.95,-14.06,39954.33,,,1057318.38,-8.87,-36.38,5248948.2,-23.37,-29.3,12827365,-38.51,-40.22,2447.28,-0.19,25.66,30.91,32.5,-0.19,41.03,6.78,-5.47,-14.19,2380.87,1828.72,1710.09,1759.55,48.95,-0.19,25.66,30.91,32.5,19.63,-0.19,41.03,6.78,-5.47,-14.19,47.62,36.57,34.2,35.19,145252
Barnbridge,BOND,22/04/2020,Asset Management DeFi,9.72,0.56,-8.8,-33.77,-69.21,-67.14,0.56,5.84,-29.74,-36.84,-44.32,185.69,9.35,5347116.27,59113726.36,97200000,7.64,12963906.51,-0.88,-23.57,-36.01,-44.22,-88.27,,-12.34,-11.66,-60.67,-85.5,15299808.95,18031981.79,19614350.65,34394209.31,,,,,,,,,,,,,,,,,,,,,,,,,,,,,,,,,,,,,,,,,,,,,,,,,,,,,,,,,,28379
Basket DAO,BASK,23/03/2021,Asset Management DeFi,2.09,,-1.47,,-62.2,-95.31,,17.91,-33.41,-83.07,,1496.65,1.48,,127291.05,209000,,2472800.62,0.01,12.75,-12.55,-58.14,-90.29,,8.61,-19.06,-73.99,,2379565.11,2482305.96,3283351.5,7927453.87,,,,,,,,,,,,,,,,,,,,,,,,,,,,,,,,,,,,,,,,,,,,,,,,,,,,,,,,,,3722
BENQI,QI,01/01/2021,DeFi Lending,0.06,2.2,-7.72,-42.12,-69.77,,2.2,26.2,-50.13,,,0.39,0.04,5144761.01,89368017.85,463154400,2.24,1286882368,-4.69,-5.8,-16.43,-7.39,,,13,-17.11,,,1381128784,1323179728,1512194668,1340336697,1522113390,2146259.14,9798131.8,42797258.59,62369724.92,11.75,-26.67,-20.91,,26.51,-36.98,120.94,,399586.19,10.46,27.3,63939.78,-2.57,-2.57,1807642.29,-27.26,-38.92,8201661.92,-27.63,114.41,12070581,,,366.07,-0.41,-0.66,-9.7,-60.92,-0.41,41.67,-37.28,,,410.08,314.8,563.28,1723.79,19.82,-0.41,-0.34,-6.98,-58.03,,-0.41,42.36,-35.05,,,22.17,16.83,28.85,86.95,
Binance Smart Chain,BNB,10/09/2020,Blockchain,403.46,1.57,-2.7,-15.35,-36.53,0.51,1.57,9.24,-18.91,8.49,32.17,686.31,0.04,981432467.6,67868974866,67836568141,1.75,,,,,,,,,,,,,,,,,10830903.92,56368135.86,331632683.8,617350086.6,9.79,-16.17,-66.44,-20.98,26.91,-31.75,22.08,65.89,0,,,0,,,0,,,0,,,0,,,9359.08,0.62,2.87,26.42,48.41,0.62,18.98,40.92,-28.18,-40.37,9316.04,7853.7,5936.36,7103.09,,,,,,,,,,,,,,,,
Bitcoin,BTC,03/01/2009,Blockchain,42401,0.74,2.19,-0.49,-33.68,-4.79,0.74,12.64,-14.12,-10.64,9.29,69045,67.81,13957591172,8.04E+11,8.90E+11,3.04,,,,,,,,,,,,,,,,5.22E+12,4006588.71,13836718.38,50974823.11,120492926.4,16.54,27.3,-36.69,-26.85,27.71,-14.22,-25.39,-82.6,0,,,0,,,0,,,0,,,0,,,514886.27,,-6.08,15.2,22.92,,11.86,8.03,1.85,299.56,,,,,,,,,,,,,,,,,,,,4655511
Cap,CAP,01/09/2021,DeFi Exchange,68.04,-16.4,-55.67,-78.35,-78.64,-32.25,-16.4,-13.64,-57.42,40.01,761.59,844.64,,3472.11,6803294.94,8164800,0.41,2201351.23,-11.49,-64.25,-28.79,350.23,,,-7.69,57.42,,,4671613.05,4400235.9,2798242.49,1954491.07,4869387074,9175.83,202301.68,884002.27,1419319.62,-90.17,-87.3,-57.58,,-44.2,-37.44,24.84,,4629.19,-80.33,-44.07,82.55,322.05,322.05,104861.52,-79.52,-35.46,456084.41,-57.58,-35.58,991401.76,,,341.28,-17.27,-47.18,-65.39,-88.14,-17.27,14.11,-33.5,,,603.29,736.09,1928.93,1726.32,6.58,-17.27,-47.37,-66.43,-77.14,,-17.27,13.68,-34.21,,,11.64,14.41,30.92,23.81,
Cardano,ADA,03/01/2017,Blockchain,1.06,-0.26,-6.49,-14.57,-47.81,-45.01,-0.26,8.34,-10.64,-40.96,33.6,3.09,0.02,975958618,33856729192,47565000000,2.17,,,,,,,,,,,,,,,,2.60E+12,279695.34,1624932.09,4193803.51,8092036.11,-3.86,26.79,-43.77,137.97,9.31,62.1,13.52,305.37,0,,,0,,,0,,,0,,,0,,,235709.66,-2.27,-7.84,-44.37,-57.94,-2.27,3.37,-31.22,-58.17,-64.82,256340.14,297224.83,367736.62,617956.94,,,,,,,,,,,,,,,,1265744
Centrifuge,CFG,20/05/2020,DeFi Lending,0.55,-0.09,-13.73,-37.79,-67.19,-57.61,-0.09,-2.32,-26.98,-33.78,,2.55,0.54,647577.83,97387076.75,234464854.9,0.68,56374325.41,,5.17,19.7,66.73,114.55,,,,42.55,145.67,,,,,63914523.22,97055.6,449620.29,1110641.24,1807625.62,0.1,13.41,80.74,145.48,1.95,30.52,61.18,196.52,0,,,0,,,0,,,0,,,0,,,4167.57,-1.67,-16.98,-51.82,-81.75,-1.67,-7.3,-42.42,-52.91,,4656.83,5910.13,11311.83,17808.5,,,,,,,,,,,,,,,,54257
Clipper,,19/07/2021,DeFi Exchange,,,,,,,,,,,,,,,,,,,,,,,,,,,,,,,,,633344426.1,15618.7,105213.29,271852.84,565359.35,-76.61,-66.19,-79.37,-91.87,-0.36,47.51,-7.59,10.21,0,,,0,,,0,,,0,,,0,,,,,,,,,,,,,,,,,,,,,,,,,,,,,,,,
Compound,COMP,27/09/2018,DeFi Lending,128.24,2.96,-6.08,-31.66,-61.58,-71.32,2.96,12.43,-30,-44.73,-37.33,910.54,61.32,28046807.22,841180138.8,1282400000,4.34,6998758034,-3.08,-5.18,-12.58,-44.76,-33.38,,9.81,-22.97,-16.59,32.39,7310737548,7173828778,9381011036,10353049740,4598706795,2404435.8,13713804.21,62461135.73,158344986.8,4.5,-36.16,-59.19,-51.87,-3.21,-36.09,-33.69,-11.02,288749.22,7.5,-3.01,50413.51,-6.11,-6.11,1632379.67,-31.56,-35.63,7361415.26,-55.63,-28.46,17820730.34,-50.81,-14.08,726.27,1.98,3.31,5.41,-6.25,1.98,26.49,-4.8,-35.37,-37.27,765.61,639.94,669.82,850.01,61.23,1.98,2.47,4.67,-16.03,-55.95,1.98,25.67,-3.51,-37.45,-34.12,64.81,54.57,57.79,74.95,218444
Cosmos,ATOM,13/03/2019,Blockchain Interoperability,27.17,-1.67,-12.05,-27.95,-13.94,69.55,-1.67,5.19,6.48,-4.03,82.15,44.45,1.16,475607513,7827091747,,7.27,,,,,,,,,,,,,,,,,24365.81,129195.21,294960.04,653823.17,-24.11,-29.34,36.48,212.96,9.31,45.11,-16.82,416.12,487.32,-24.11,9.31,65.83,-12.28,-12.28,2583.9,-29.34,45.11,5899.2,36.48,-16.82,13076.46,212.96,416.12,462981.11,2.32,-10.05,-51.56,-35.67,2.32,8.21,-44.72,-4.12,-53.11,505449.63,588039.41,816145.15,826892.6,231490.56,2.32,-10.05,-51.56,-35.67,-75.01,2.32,8.21,-44.72,-4.12,-53.11,252724.81,294019.7,408072.58,413446.3,
Cryptex,CTX,08/04/2021,Asset Management DeFi,6.91,-2.65,-10.28,-30.7,-59.67,7.15,-2.65,-4.2,-34.38,-46.54,,44.13,2.33,241684.52,19831172.64,69100000,0.53,,,,,,,,,,,,,,,,1368411537,6.28,5983.12,22477.33,42561.08,,,,,,63.99,13.18,-93.42,6.28,,,0,,,5983.12,,63.99,22477.33,,13.18,42561.08,,-93.42,98088.67,-2.53,-0.09,-56.31,-37.16,-2.53,5.2,-20.08,-73.59,,106897.44,194578.84,180027.58,426700.86,980.89,-2.53,-0.09,-56.31,-37.16,-90.75,-2.53,5.2,-20.08,-73.59,,1068.97,1945.79,1800.28,4267.01,
Curve,CRV,21/01/2020,DeFi Exchange,2.88,0.69,-16.02,-42.51,-27.16,50.35,0.69,3.64,-27.43,45.34,54.33,54.01,0.33,154646801.3,1129484930,9512727261,2.43,19673822646,-0.81,2.7,-16.06,-6.86,78.52,,10.45,-11.58,37.72,145.04,19615565079,19994740657,21242722278,18373225358,2.29E+11,1377671.33,21849349.79,52744334.7,73740384.93,-31.23,-64.59,-72.97,-23,-31.29,41.75,155.86,141.08,693116.51,-31.48,-31.16,49696.14,-48.02,-48.02,10946212.52,-64.55,41.78,26428595.73,-73,154.12,37019875.76,-23.62,139.13,3554.72,-0.31,-13.89,-59.86,-69.86,-0.31,6.59,-35.57,-45.58,,4035.53,5175.33,7568.84,10780.67,70.95,-0.31,-13.91,-59.87,-69.74,-76.49,-0.31,6.57,-35.53,-45.18,,80.56,103.34,150.96,213.98,267669
Decred,DCR,08/02/2016,Blockchain,65.42,1.71,-3.72,12.46,-42.39,-60.25,1.71,7.74,-7.13,-42.43,-32.46,247.35,0.43,3328447.92,900548510.4,,0.49,,,,,,,,,,,,,,,,4597769066,894.62,3761.41,15580.47,45233.06,-3.17,-34.85,-55.02,-69.69,13.11,-7.91,-46.71,-22.44,0,,,0,,,0,,,0,,,0,,,1859519.17,0.91,-7.99,24.12,12.96,0.91,7.16,30.24,7.32,-17.28,1971331.07,1809781.43,1528431.27,1475525.79,,,,,,,,,,,,,,,,51347
dForce,DF,01/01/2019,DeFi Lending,0.1,0.31,-6.16,-11.9,-43.76,-44.26,0.31,7.52,-8.12,-36.8,-37.77,1.5,0.07,2622146.36,40664475.6,104150024.5,3.36,492884531,-1.24,-0.12,140.36,98.52,339.83,,2.64,82.33,13.81,274.39,496377163.1,348860171.8,252523425.4,237852442,,24865.85,116262.46,767284.11,2127444.1,-14.89,-37.33,-78.45,-62.74,4.81,-45.61,-41.98,345.2,3113.66,-15.49,-0.41,396.11,NaN,NaN,15554.53,-44.95,-48.81,105343.4,-80.21,-57.97,362200.92,-81.83,168.15,7040.63,0.55,-0.41,64,146.99,0.55,15,100.91,-33.98,,7270.02,5936.1,3843.3,4759.05,522.99,0.55,3.6,73.76,195.67,46.12,0.55,19.03,99.68,19.35,,533.14,421.05,272.56,248.88,
dHedge,DHT,17/06/2020,Asset Management DeFi,0.49,-3.04,-8.94,-29.19,-46.44,-50.39,-3.04,-1.74,-18.04,-28.86,-61,5.52,0.36,32329.82,11803739.58,49420800,0.26,18335473.29,0.75,4.92,-2.09,-27.5,-35.01,,9.25,-14.18,-23.85,-19.22,18040262.17,17475307.33,19854136.06,23004540.02,,1041.58,2437.63,48945.11,209426.02,-99.85,,-99.84,-99.98,23.04,-79.43,-65.23,-88.46,1041.58,-99.85,23.04,0.3,,,2437.63,,-79.43,48945.11,-99.84,-65.23,209426.02,-99.98,-88.46,171919.03,-3.44,-37.14,258.58,2078.06,-3.44,-39.24,518.65,188.48,15.01,199658.04,205003.64,81464.7,54362.91,1719.19,-3.44,-37.14,258.58,2078.06,296.72,-3.44,-39.24,518.65,188.48,15.01,1996.58,2050.04,814.65,543.63,18153
DODO,DODO,29/09/2020,DeFi Exchange,0.52,2.36,-2.55,-32.53,-68.29,-71.56,2.36,11.11,-31.91,-44.46,-51.77,8.38,0.15,18638230.99,146348481.5,521820000,8.7,358593843.3,,54.77,50.49,13.26,34.65,,11.91,3.66,-8.75,91.91,,,,,,100640.4,463396.98,1779048.05,4452866.51,-37.52,-36.31,-71.97,-63.89,107.94,-30.23,-32.21,-36.39,0,,,0,,,0,,,0,,,0,,,9048.35,0.3,18.87,-4.19,-29.31,0.3,59.15,-31.92,-44.93,-27.24,10159.23,7726.28,10509.49,14761.93,,,,,,,,,,,,,,,,136319
Dogecoin,DOGE,06/12/2013,Blockchain,0.15,1.9,-1.15,-15.64,-43.54,-51.09,1.9,9.12,-10.76,-31.51,-4.55,0.73,0,507863827.1,19320521954,,3.48,,,,,,,,,,,,,,,,85002038640,77814.92,242728.6,807900.08,2138479.25,7.95,-54.2,-62.57,-69.61,126.6,9.05,-38.32,-51.22,0,,,0,,,0,,,0,,,0,,,620484.29,0.36,-3.93,-21.55,18.71,0.36,8.75,-8.76,-9.29,49.68,670208.41,645640.59,619336.68,648033.32,,,,,,,,,,,,,,,,3042796
dYdX,DYDX,03/10/2018,DeFi Exchange,7.07,0.35,8.85,-7.64,-50.73,,0.35,24.11,-16.31,,,27.86,5.11,109065041.5,564982434.8,7070000000,2.9,992840389.4,0.13,2.13,1.53,-2.83,172.93,,0.73,-3.56,38.42,281.76,983390204.9,970238957.7,995329957.3,860200803.8,6.86E+11,11994455.37,42102802.59,133904419.4,289918565.2,183.17,132.83,-3.76,526.86,108.66,31.62,-12.12,1580.39,11994455.37,183.17,108.66,1770326.62,-37.85,-37.85,42102802.59,132.83,31.62,133904419.4,-3.76,-12.12,289918565.2,526.86,1580.39,1373.37,-1.81,-5.84,-29.64,-13.6,-1.81,21.68,-3.94,,,1612.72,1545.46,1541.9,2453.85,13.73,-1.81,-5.84,-29.64,-13.6,,-1.81,21.68,-3.94,,,16.13,15.45,15.42,24.54,113192
Ellipsis Finance,EPS,14/03/2021,DeFi Exchange,0.23,12.38,23.91,-1.48,-57.96,-67.72,12.38,23.15,-27.26,-53.67,,21.39,0.15,12343402.91,137290806.2,228959000,11.22,625019948.5,0.51,1.14,-3.96,-0.9,-38.31,,0.36,11.4,-25.93,,620505615,628028393.7,596124618.8,699180873.3,,,,,,,,,,,,,,,,,,,,,,,,,,,,,,,,,,,,,,,,,,,,,,,,,,,,,,,,,,30200
Elrond,EGLD,01/01/2018,Blockchain,201.88,6.38,25.5,3.04,-36.16,45.87,6.38,20.01,-32.13,8.8,88.85,545.64,6.51,292077650.1,4147941789,4117916545,10.04,,,,,,,,,,,,,,,,,103463.69,389563.25,3678602.99,4013055.15,42.74,-33.01,140.72,1127.33,24.81,-62.13,1023.97,941.02,8781.51,37.65,34.72,1597.06,7.07,7.07,33068.79,-43.44,-55.43,334390.99,259.55,2322.79,348592.05,2421.81,3302.01,79814.43,3.66,25.4,166.61,-81.02,3.66,28.73,93.19,-87.93,-22.09,70152.07,49771.68,57086.42,281610.17,9296.75,3.66,26.8,128.32,-85.74,-95.69,3.66,31.88,82.47,-94.48,-40.17,8142.91,5764.92,7177.46,73991.26,
Enzyme Finance,MLN,01/08/2016,Asset Management DeFi,57.97,-0.17,-4.77,-23.03,-54.97,-35.81,-0.17,8.88,-27.12,-33.43,26.87,258.26,1.79,3318245.15,84258362.83,105762612.9,4.88,105984346.9,,9.42,-2.4,-31.28,47.24,,12.04,-20.21,2.52,,,,,,,,,,,,,,,,,,,,,,,,,,,,,,,,,,,,,,,,,,,,,,,,,,,,,,,,,,,,,,,32194
Erasure Protocol,NMR,16/12/2015,DeFi Prediction Market Other,29.31,-5.41,2.24,5.55,-33.82,-25.36,-5.41,9.32,-17.73,-26.61,-19.22,93.15,2.06,45318530.92,173270431.4,322410000,8.46,7806945.49,-0.59,-5.9,-0.04,-39.51,-38.37,,10.27,-20.06,-30.85,,7738971.83,7257961.07,9168987.51,11257494.2,,,,,,,,,,,,,,,,,,,,,,,,,,,,,,,,,,,,,,,,,,,,,,,,,,,,,,,,,,33497
Ethereum,ETH,30/07/2015,Blockchain,2922.12,0.33,-3.23,-10.31,-36.24,-2.83,0.33,13.44,-23.1,-1,55.67,4878.26,0.43,10428836937,3.49E+11,,4.73,,,,,,,,,,,,,,,,,170142665.4,1028746083,3697603171,7526383872,-15.53,-68.6,-72.47,11.61,-23.88,-9.37,-0.2,125.68,131134652.7,-100,-26.48,0,-100,-100,889938172.2,-100,-12.63,3266793790,-100,5.29,6479229087,-100,3951.39,2591.31,-0.31,9.38,-0.54,-0.78,-0.31,23.41,-27.3,-32.68,-44.74,2559.49,2222.22,2560.34,3156.82,29.72,-0.31,12.21,2.67,-0.88,-83.54,-0.31,26.77,-29.24,-46.37,,28.92,24.58,28.84,40.55,2218292
Ethereum Name Service,ENS,04/05/2017,DeFi Other,17.32,3.75,-14.21,-32.79,-69.48,,3.75,3.15,-47.47,,,83.4,14.56,40101608.44,396404118.7,1732000000,3.39,,,,,,,,,,,,,,,,,681234.29,3837508.8,14849677.38,25528974.96,-60.37,-18.85,-80.46,93.6,-33.65,-20.99,48.97,358.1,681234.29,-60.37,-33.65,88462.01,-7.32,-7.32,3837508.8,-18.85,-20.99,14849677.38,-80.46,48.97,25528974.96,93.6,358.1,3604.03,0.75,-11.41,-16.01,-55.95,0.75,-0.45,-28.5,,,4095.19,3964.51,5173.89,5552.76,36.04,0.75,-11.41,-16.01,-55.95,,0.75,-0.45,-28.5,,,40.95,39.65,51.74,55.53,
Euler,,01/10/2021,DeFi Lending,,,,,,,,,,,,,,,,,,51113733.36,9.77,22.35,62.03,,,,27.53,34.06,,,45592032.36,34795754.21,28899618.8,28899618.8,17900807.88,38893.47,103288.63,161035.36,161035.36,33.74,303.37,,,94.77,87.87,,,8945.5,33.74,94.77,1610.31,-4.73,-4.73,23756.39,303.37,87.87,37038.13,,,37038.13,,,,,,,,,,,,,,,,,,,,,,,,,,,,,,,,
Fantom,FTM,27/12/2019,Blockchain,1.95,2.1,-6.97,-35.43,-21.43,396.83,2.1,5.96,10.29,27.39,409.26,3.46,0,424364936.7,4953787925,6191250000,10.34,,,,,,,,,,,,,,,,,820918.45,5998993.12,11701195.05,17088486.16,-43.91,-58.46,12.22,1728.83,39.35,94.35,120.98,9111.79,246275.54,-43.91,39.35,22285.17,-40.33,-40.33,1799697.94,-58.46,94.35,3510358.51,12.22,120.98,5126545.85,1728.83,9111.79,8214.29,0.52,-4.96,-66.16,-68.4,0.52,12.29,-53.11,-73.72,-98.96,8949.12,11346.73,18845.48,44433.57,273.81,0.52,-4.96,-66.16,-68.4,-96.42,0.52,12.29,-53.11,-73.72,-98.96,298.3,378.22,628.18,1481.12,
Fei Protocol,TRIBE,21/03/2021,Asset Management DeFi Stablecoin,0.69,-1.82,-3.09,-43.86,-43.41,4.83,-1.82,4.33,-15.14,21.03,,2.45,0.55,21543266.01,314593410.1,691640000,3.72,392405896.9,-15.24,-13.54,-43.81,-70.05,-58.82,,14.02,-44.91,-19.75,,452180591,495541515.3,852936843.5,963638772.9,,,,,,,,,,,,,,,,,,,,,,,,,,,,,,,,,,,,,,,,,,,,,,,,,,,,,,,,,,36418
Filecoin,FIL,08/07/2014,Blockchain,20.84,1.19,-5.61,-27.31,-65.92,-69.98,1.19,12.14,-33.56,-49.87,-38.29,236.84,16.76,260675984.3,3342958111,41071933689,0.83,,,,,,,,,,,,,,,,,782.58,679657.62,4574455.28,66939042.18,83.28,-99.88,-99.88,-99.98,-99.54,-23.59,-92.58,-93.91,0.66,80.83,-100,0.11,-8.45,-8.45,675653.99,-100,-23.48,4552449.15,-100,-92.6,66807974.09,-100,-93.97,410823.4,-0.92,16.75,-3.28,465.9,-0.92,16.22,-32.1,455.97,830.93,394898.69,365989.23,335621.47,196911.92,4129.61,-0.92,16.81,-3.39,468.26,406.02,-0.92,16.16,-32.35,458.93,834.63,3967.42,3680.94,3381.36,1982.25,138602
Futureswap,FST,15/04/2020,DeFi Exchange,1.98,-4.45,-21.41,-47.36,-75.75,-71.25,-4.45,9.54,-21.04,-66.28,,22.66,1.85,331662.1,23447386.34,198000000,0.16,553048.74,-2.74,-1.47,-10,-27.57,-55.55,,3.39,-13.3,-32.38,,566248.6,568384.88,649751.2,804455.25,0,,,,,-95.86,-100,-100,,,,,,,,,,,,,,,,,,,,,,,,,,,,,,,,,,,,,,,,,,,,,,,,,,12542
GMX,GMX,01/09/2021,DeFi Exchange,36.43,-0.85,-20.14,-9.85,21.16,,-0.85,2.67,56.67,,,62.1,11.77,6461163.17,267433697.9,482697500,1.98,255517743.3,0.66,12.73,69.08,140.95,12382.01,,16.07,69.81,263.24,,243599428.2,193992017.4,140079154,89566551.37,,1295041.96,6290754.91,14906898.32,20408850.17,75.03,1.09,16.76,,38.36,38.12,,,647520.98,75.03,38.36,80579.6,-40,-40,3145377.45,1.09,38.12,7072679.7,94.61,,9389057.78,,,620.72,1.78,-18.36,-34.14,-34.51,1.78,12.4,-3.93,,,695.85,763.52,808.6,1308.76,12.41,1.78,-18.36,-34.14,-49.79,,1.78,12.4,-9.39,,,13.92,15.27,19.08,28.24,
Harvest Finance,FARM,16/08/2020,Asset Management DeFi,107.73,4.26,-1.13,-16.26,-28.36,-59.21,4.26,9.26,-7.81,-37.51,-3.57,5078.47,40.07,7550413.14,70370952.82,74378946.6,8.85,253001080.7,-7.16,-5.57,1.81,-44.3,-45.8,,20.78,-16.4,-32.45,-17.29,270184610.4,236958706.2,296099302,368862188.6,,,,,,,,,,,,,,,,,,,,,,,,,,,,,,,,,,,,,,,,,,,,,,,,,,,,,,,,,,62165
Helium,HNT,20/07/2019,Blockchain Other,27.33,3.42,-9.41,-15.42,-42.65,37.77,3.42,8.54,-21.62,43.57,138.57,54.88,0.11,9988395.14,2751627250,6094590000,0.32,,,,,,,,,,,,,,,,,1015837.88,5069119.1,14797940.04,25651201.35,1.59,-21.37,20.39,53.28,11.03,12.69,37.85,312.67,1015837.88,1.59,11.03,151697.65,-6.58,-6.58,5069119.1,-21.37,12.69,14797940.04,20.39,37.85,25651201.35,53.28,312.67,9482.68,0.49,-10.64,-24.66,-54.92,0.49,6.91,-24.57,-9.42,-70.49,10190.84,10270.37,12603.22,13347.29,94.83,0.49,-10.64,-24.66,-54.92,-37.12,0.49,6.91,-24.57,-9.42,-70.49,101.91,102.7,126.03,133.47,
HurricaneSwap,HCT,02/11/2018,DeFi Exchange,0.01,-0.01,-2.84,-44.84,-93.48,,-0.01,7.87,-70.94,,,0.36,0.01,41575.34,,21313680,0.26,9613062.2,-19.48,-12.89,108.05,-62.99,,,9.67,17.79,,,11200993.57,9289929.61,13147468.72,15275786.99,2911787.18,149.34,713.34,121909.23,543257.54,109.98,111.6,-99.58,,30.75,-88.7,-87.68,,59.73,109.98,30.75,9.94,-8.77,-8.77,285.33,111.6,-88.7,48763.69,-99.58,-87.68,217303.01,,,243993.11,-4.75,73.92,377.7,2712.66,-4.75,145.29,630.59,,,257650.07,123070.32,48661.93,37502.76,6099.83,-4.75,73.92,377.7,2712.66,,-4.75,145.29,630.59,,,6441.25,3076.76,1216.55,937.57,
Idle Finance,IDLE,23/04/2019,Asset Management DeFi,1.5,14.15,-9.9,-25.73,-66.46,-68.24,14.15,12.89,-33.77,-53.22,-58.89,30.65,0.79,43652.74,3989220.16,19500000,0.08,78004794.65,0.17,-0.56,-20.08,-28.57,-60.28,,-1.58,-16.4,-28.27,-33.42,78002609.18,85705213.52,102319540,122164514.1,,,,,,,,,,,,,,,,,,,,,,,,,,,,,,,,,,,,,,,,,,,,,,,,,,,,,,,,,,12673
Index Cooperative,INDEX,01/10/2020,Asset Management DeFi,7.2,-6.59,-24.59,-45.39,-72.78,-76.34,-6.59,-4.99,-46.92,-54.48,-19.83,67.08,1.33,325022.02,15698843.46,72000000,0.31,209338764.4,-7.22,-6.83,-28.97,-59.97,-33.15,,16.39,-35.3,-13.65,97.08,228049999.8,225123486.8,340496262.3,369917076.2,,,,,,,,,,,,,,,,,,,,,,,,,,,,,,,,,,,,,,,,,,,,,,,,,,,,,,,,,,40286
Instadapp,INST,16/10/2018,DeFi Interoperability Other,1.02,-5.36,-38.14,-60.4,-76.86,-86.43,-5.36,-2.78,-40.82,-47.75,,24.4,0.92,29745.6,18822522.39,101900000,0.01,6859216560,,,-33.53,-46.02,-40.49,,,-32.43,-14.79,141.32,6859216560,7455664556,10246158760,11163120824,,,,,,,,,,,,,,,,,,,,,,,,,,,,,,,,,,,,,,,,,,,,,,,,,,,,,,,,,,32384
Integral Protocol,ITGR,21/04/2021,DeFi Exchange,0.07,-0.89,0.82,-36.67,-80.71,,-0.89,15.4,-43.66,,,3.45,0.05,281395.18,1608622.98,19602000,2,6228419.35,-3.28,-1.25,-26.72,-76.18,-88.41,,7.4,-26.07,-70.11,,6399583.86,6843928.13,10112107.65,22183516.21,,,,,,,,,,,,,,,,,,,,,,,,,,,,,,,,,,,,,,,,,,,,,,,,,,,,,,,,,,12440
Karura,KAR,23/06/2021,Blockchain DeFi,1.76,2.86,-17.35,-46.36,-73.66,-78.08,2.86,3.47,-38.64,-54.17,,13.2,1.62,1288655.87,39133205.46,176000000,0.83,,,,,,,,,,,,,,,,,44.51,286.39,1309.67,3802.88,5.88,-39.68,-77.9,-72.54,-14.77,-34.51,-45.84,,44.51,5.88,-14.77,8.1,8.49,8.49,286.39,-39.68,-34.51,1309.67,-77.9,-45.84,3802.88,-72.54,,4793697.1,-0.04,-10.09,-18.7,-8.93,-0.04,14.33,-22.38,-36.78,,5175873.68,4876621.57,5376603.6,6943151.81,47936.97,-0.04,-10.09,-18.7,-8.93,-22.54,-0.04,14.33,-22.38,-36.78,,51758.74,48766.22,53766.04,69431.52,
KeeperDAO,ROOK,18/07/2020,Asset Management DeFi Other,107.94,-0.52,-12.32,-9.8,-44.67,-40.3,-0.52,8.62,-28.29,-28.93,-41.26,838.98,15.61,676435.77,86934421.35,136244134.7,0.41,173577405.8,-3.13,10.36,-7.61,-51.66,-40.5,,25.08,-33.08,-28.78,-15.26,175919944.8,153274994.6,221264655,267675870.4,15630410206,0.13,1.36,3.2,1407632.84,-99.96,133.31,-22.52,-100,31.18,50.08,-100,-95.19,0.13,-99.96,31.18,0,-99.99,-99.99,1.36,133.31,50.08,3.2,-22.52,-100,1407632.84,-100,-95.19,849771795.1,-0.91,-6.9,-39.9,5308558.32,-0.91,19.42,-51.79,30258422.66,57938260.59,940366641.4,938535104.6,1175173724,584306263.9,8497717.95,-0.91,-6.9,-39.9,5308558.32,46506295.24,-0.91,19.42,-51.79,30258422.66,57938260.59,9403666.41,9385351.05,11751737.24,5843062.64,26013
Keep Network,KEEP,27/04/2020,DeFi Interoperability,0.63,-1.89,26.1,-0.35,-23.1,77.25,-1.89,36.57,-22.26,24.25,33.2,6.1,0.18,20772084.96,346826054.8,630067000,8.59,177995001,-3.01,6.04,-5.81,-41.25,-11.04,,19.38,-25.06,-7.4,-13.27,178748189,163436018,212962019.9,222630312,,,,,,,,,,,,,,,,,,,,,,,,,,,,,,,,,,,,,,,,,,,,,,,,,,,,,,,,,,31968
Kusama,KSM,20/09/2019,Blockchain,169.83,4.13,-8.38,-36.27,-58.69,-38.67,4.13,11.95,-27.96,-25.95,-1.34,621.71,0.88,30578285.28,1523291001,1698300000,2.63,,,,,,,,,,,,,,,,4272917545,568.12,3634.71,14534.1,27411.53,-33.23,-73.66,-83.62,4.2,-11.82,-27.44,17.96,-83.95,454.5,-33.23,-11.82,43.13,-20.13,-20.13,2907.77,-73.66,-27.44,11627.28,-83.62,17.96,21929.23,4.2,-83.95,3657702.67,3.16,-4.78,-11.18,-36.76,3.16,23.5,-17.18,-62.96,113.63,3903136.5,3410899.96,3962177.61,7263468.01,45721.28,3.16,-4.78,-11.18,-36.76,-85.88,3.16,23.5,-17.18,-62.96,113.63,48789.21,42636.25,49527.22,90793.35,227879
Kyber,KNC,10/02/2018,DeFi Exchange,1.84,2.45,-9.94,33.21,-3.52,2.13,2.45,4.34,28.4,-11.52,-22.63,2.93,1.11,6891234.13,189048261.9,415840000,7.24,72782666.62,,2.99,-0.35,-46.01,-85.65,,3.26,-7.17,-75.89,58.88,,,,,5510236962,183268.7,941329.93,1922380.79,5417542.93,-23.48,73.99,-8.53,-64.07,-32.19,216.27,-44.87,11.14,18326.87,-23.48,-32.19,2726.91,-10.86,-10.86,94132.99,73.99,216.27,192238.08,-8.53,-59.9,670047.61,-77.22,-69.52,3650.46,-5.3,-20.51,-56.28,-18.13,-5.3,-15.76,5.47,79.63,-32.77,4148.48,6032.99,5228.71,4073.51,365.05,-5.3,-20.51,-56.28,-10.61,156.95,-5.3,-15.76,5.47,134.11,227.84,414.85,603.3,519.78,371.29,207252
Lido Finance,LDO,21/04/2020,Asset Management DeFi Other,1.69,5.19,-17.67,-37,-60.42,-54.76,5.19,0.06,-33.24,-35.53,88.17,7.3,0.51,1674636.08,162152506.6,1690000000,0.09,8869054241,-4.88,-5.2,-19.11,-16.54,104.32,,12.62,-17.57,41.03,508.27,9432683671,9462960422,10451311217,8958437768,,4775442.24,20638404.37,75106580.07,137570128.2,-0.01,-3.94,-23.64,91.18,14.67,-18.53,23,334.14,477544.22,-0.01,14.67,75579.81,-3.5,-3.5,2063840.44,-3.94,-18.53,7510658.01,-23.64,23,13757012.82,91.18,334.14,645.64,4.56,-18.05,-22.91,-59.49,4.56,2.3,-20.53,-62.66,-61.23,750.7,705.79,892.32,1642.92,64.56,4.56,-18.05,-22.91,-59.49,-83.26,4.56,2.3,-20.53,-62.66,-61.23,75.07,70.58,89.23,164.29,60573
Liquity,LQTY,21/04/2020,DeFi Lending,2.66,2.16,-12.12,-57.59,-78.44,-56.65,2.16,-6.12,-30.64,-1.34,,146.94,2.57,899110.55,43153250.74,266000000,0.62,1441303920,-5.44,-4.03,-30.63,-45.06,-34.13,,11.51,-31.85,-3.13,,1518749347,1573323461,2207431430,2248107585,582628521.2,64818.94,991016.75,3507153.01,13331827.05,-82.59,-66.77,-96.19,-97.87,-62.86,13.09,-64.22,,64818.94,-82.59,-62.86,408.15,-63.67,-63.67,991016.75,-66.77,13.09,3507153.01,-96.19,-64.22,13331827.05,-97.87,,2271.83,1.55,-5.68,-62.52,46.03,1.55,-7.37,-13.8,-31.06,,2395.25,3265.59,3176.62,3856.4,22.72,1.55,-5.68,-62.52,46.03,-64.24,1.55,-7.37,-13.8,-31.06,,23.95,32.66,31.77,38.56,25877
Litecoin,LTC,07/10/2011,Blockchain,126.23,2.65,3.22,-7.66,-52.27,-25.04,2.65,17.6,-15.61,-15.99,-12.54,410.26,1.15,602576200.8,8797789306,10603320000,8.1,,,,,,,,,,,,,,,,57117781334,13379.82,56140.49,220365.52,514453.92,12.14,-4.53,-57.64,-18.98,23.33,-14.46,-22.72,-20.86,0,,,0,,,0,,,0,,,0,,,1487227.29,0.1,1.71,7.5,-6.49,0.1,18.35,8.58,-15.93,4.17,1573545.93,1376222.82,1255353.47,1375063.31,,,,,,,,,,,,,,,,917863
Livepeer,LPT,25/03/2017,DeFi Other,27.57,-5.85,-7.6,-22.69,-57.41,49.83,-5.85,17.18,-25.2,63.71,50.95,99.03,0.35,30112843.96,685956443.3,686716289.4,7.28,,,,,,,,,,,,,,,,,4964.85,43968.77,135903.89,262257.17,95.9,78.45,,,-35.09,6.31,11.38,117.01,629.52,95.9,-9.58,53.1,,,7401.74,-10.77,-19.98,27501.63,,5.94,54277.34,,127.87,125838.66,-8.12,-4.59,-22.72,-59.01,-8.12,21.42,-32.33,7.51,-25.84,143374.25,125157.83,171518.39,166407.69,7404.13,-8.12,1.71,3.33,-49.93,-39.44,-8.12,30.19,-25.53,6.48,-31.78,8066.45,6357.62,8235.4,8031.94,25912
LooksRare,LOOKS,01/01/2022,DeFi NFT,2.55,-8.23,-35.96,-36.8,,,-8.23,-27.13,,,,7.1,1.54,67471397.14,615254471.5,2550000000,4.74,,,,,,,,,,,,,,,,1.94E+11,40982932.99,319993892.8,358543339.8,358543339.8,-69.52,-62.37,,,-43.66,394.96,,,39859261.74,-70.21,-43.22,3504580.5,-7.33,-7.33,310063797.6,-62.69,398.9,347203178.7,,,347203178.7,,,63.57,-11.36,-40.31,-86.96,,-11.36,-43.02,,,,87.63,186.5,1570.79,1570.79,0.66,-11.36,-40.4,-87.04,,,-11.36,-43.18,,,,0.9,1.93,25.48,25.48,
Loopring,LRC,02/12/2019,DeFi Exchange,0.95,1.63,-0.99,-36.37,-69.26,205.11,1.63,11.93,-47.32,188.86,200.57,3.75,0.02,164012388.1,1184683113,1309741303,22.79,324357034.5,-5.56,-2.03,-22.98,-25.15,155.09,,8.45,-32.96,222.68,104.92,352997391.3,349941922.2,499554898,327816732.3,2992320193,103293.29,586470.13,3733118.48,6024273.13,39.69,-25,-64.67,72.27,62.57,-53.72,73.46,71.92,44792.14,36.11,59.58,7884.58,,,259118.88,-27,-63.88,1796180.49,-65.74,71.49,2904751.73,27.94,58.21,17508.04,1.52,15.55,39.27,-27.15,1.52,27.18,-11.6,-16.06,75.39,18299.76,12838.1,14087.13,15556.78,395.84,1.52,14.81,77.77,-28.43,50.79,1.52,27,-11.41,-3.11,88.23,415.38,266.61,303.29,311.25,183327
Maiar,MEX,01/11/2021,DeFi Exchange,,,,,,,,,,,,,,,,,,910197040.6,9.75,19.67,2.53,,,,18.39,-25.54,,,825119261.8,747028145,1047139172,1047139172,5876173673,323538.26,1385862.97,8144020.87,8144020.87,76.13,7.49,,,20.91,-50.67,,,53923.04,76.13,20.91,7520.47,-37.78,-37.78,230977.16,7.49,-50.67,1357336.81,,,1357336.81,,,,,,,,,,,,,,,,,,,,,,,,,,,,,,,,
MakerDAO,MKR,18/12/2017,DeFi Lending,2007.1,0.2,-11.09,-4.68,-34.04,-41.74,0.2,2.29,-13.34,-16.06,-11.74,6292.31,168.36,35633722.01,1809072727,2018293597,2.9,16974302422,-3.34,-0.2,1.3,-11.95,96.94,,9.66,-11.01,36.25,87.67,17468049950,15857680053,17457587298,15189231843,9468781054,1563865.39,8721263.59,32547190.27,48010044.77,-7.81,-29.93,-29.14,122.55,-5.97,-23.29,116.3,-3.56,1563678.72,-7.81,-5.97,257364.77,-0.4,-0.4,8720350.72,-29.94,-23.29,32545055.38,-29.15,116.31,48005813,122.56,-3.56,1812.48,-0.69,-4.68,23.11,-47.19,-0.69,10.48,-0.83,-68.07,18.14,1913.07,1610.6,1871.79,3873.97,18.13,-0.69,-4.68,23.12,-47.19,-80.11,-0.69,10.48,-0.82,-68.08,18.15,19.13,16.11,18.72,38.75,196941
Maple Finance,MPL,01/02/2021,DeFi Lending,20.33,-17.65,32.84,44.38,3.66,26.64,-17.65,12.99,-12.59,2.4,,42.8,5.55,10873449.2,78135694.68,203300000,12.05,548445271.3,0.22,1.28,8.51,81.62,466.61,,2.69,3.47,139.81,,545336550,521187784.6,474258226.3,335985261.1,489515660.7,1047184.93,2805624.92,6676590.92,8797363.18,,,,,4.45,118.62,,,122054.79,,198.35,16273.97,,,220633.55,,-20.88,848508.8,,,1403633.8,,,613.24,-18.9,-7.9,-75.47,-64.56,-18.9,-31.02,82.19,-57.36,,569.27,1294.11,1077.05,1809.4,74.87,-18.9,-31.68,-27.37,-21.69,16.81,-18.9,-52.65,223.92,-18.24,,81.9,130.51,81.98,91.45,
MCDEX,MCB,01/09/2021,DeFi Exchange,5.07,-1.43,-22.98,-51.13,-85.79,-78.37,-1.43,-4.22,-50.38,-62.65,36.61,68.36,0.91,469802.86,18170160.17,50700000,0.35,25120190.26,,-8.54,-36.18,-66.09,1527.64,,,,-7.72,3675.87,,,,,658394202.9,7113.06,38613.11,797885.91,5475181.75,-91.05,-76.58,-99.87,,54.89,-43.91,-80.88,,3769.98,-94.47,60.83,32.29,-94.57,-94.57,19049.81,-87.31,-51.46,419793.12,-99.92,-80.76,2852773.24,,,10306.64,-6.69,-3.48,-18.04,1000.03,-6.69,20.17,89.03,,,11841.85,10733.92,5957.22,1549081526,207.56,-6.69,0.95,-5.71,1059.28,,-6.69,25.38,91.73,,,235.16,199.75,110.48,49225379.47,
MetaMask,,01/07/2015,DeFi Exchange,,,,,,,,,,,,,,,,,,,,,,,,,,,,,,,,,16411856714,2181105.94,11074068.4,56754190.87,103522941.6,-3.78,-25.4,-44.87,-28.77,8.09,-12.79,22.71,108.13,2181105.94,-3.78,8.09,275103.18,-36.36,-36.36,11074068.4,-25.4,-12.79,56754190.87,-44.87,22.71,103522941.6,-28.77,108.13,,,,,,,,,,,,,,,,,,,,,,,,,,,,,,570791
mStable,MTA,20/06/2020,Asset Management DeFi Stablecoin,0.62,0.32,-15.48,-17.95,-52.61,-37.59,0.32,5.26,-0.76,1.62,-48.45,11.03,0.53,819909.29,17757135.62,62362300,1.56,126221491.8,0.41,-0.19,4.25,-25.37,57.28,,4.87,-7.55,36.61,79.11,127165387.7,121260082.3,133482062.2,116139915.4,,,,,,,,,,,,,,,,,,,,,,,,,,,,,,,,,,,,,,,,,,,,,,,,,,,,,,,,,,26071
NEAR Protocol,NEAR,01/01/2017,Blockchain,10.8,1.48,-16.09,-44.85,-2.83,190.83,1.48,12.18,0.55,48.3,153.23,20.44,0.53,250327445.4,6850911824,10800000000,4.1,,,,,,,,,,,,,,,,,88875.78,791659.58,1584097.2,1860989.97,-76.05,-77.43,124.62,1163.32,-24.79,36.21,482.1,2626.48,88875.78,-76.05,-24.79,10754.92,-23.08,-23.08,791659.58,-77.43,36.21,1584097.2,124.62,482.1,1860989.97,1163.32,2626.48,104798.92,-0.67,-7.07,-58.18,-84.67,-0.67,15.66,-71.29,-67.09,-90.89,116219.35,123168.07,368563.32,746065.24,1047.99,-0.67,-7.07,-58.18,-84.67,-93.81,-0.67,15.66,-71.29,-67.09,-90.89,1162.19,1231.68,3685.63,7460.65,
Nexus Mutual,NXM,30/05/2019,DeFi Insurance,32.99,-0.63,-8.22,-40.08,-60.91,-54.5,-0.63,3.59,-36.14,-8.93,-3.59,130.82,8.14,795306.62,84657928.95,84661610.19,1.57,453568900,-5.92,-3.11,-10.26,-39.94,-7.9,,12.59,-22.42,-4.76,53.26,478631481,447789208.5,564744622.9,581519003.9,2108421817,114654.92,595735.74,2501876.35,5481055.9,-84.76,156.29,-77.05,-93.29,74.58,-1.24,-13.47,9.33,114654.92,-84.76,74.58,2203,-90.58,-90.58,595735.74,156.29,-1.24,2501876.35,-77.05,-13.47,5481055.9,-93.29,9.33,1184.99,-2.74,-5.57,-33.71,4.79,-2.74,2.87,-10.3,-42.38,2.38,1220.67,1288.38,1228.97,1672.31,11.85,-2.74,-5.57,-33.71,4.79,-59.81,-2.74,2.87,-10.3,-42.38,2.38,12.21,12.88,12.29,16.72,39076
Notional Finance,,16/10/2020,DeFi Exchange,,,,,,,,,,,,,,,,,,429305081.3,-0.92,-6.79,-13.6,199.19,3320.53,,26.11,-23.38,1970.13,,459456604,423761258.5,581943070.8,304093390.5,,,,,,,,,,,,,,,,,,,,,,,,,,,,,,,,,,,,,,,,,,,,,,,,,,,,,,,,,,10722
OpenSea,,19/12/2017,DeFi NFT,,,,,,,,,,,,,,,,,,,,,,,,,,,,,,,,,60955860303,74298655.7,432777273.3,974602559.2,1600902303,-31.02,-52.15,11.94,108.28,-33.35,43.62,57.65,1164.64,16977206.27,-15.58,-36.4,2151824.79,-26.82,-26.82,105041539,-45.24,26.73,255790932.7,-12.98,20.41,471605684.5,86.76,955.2,,,,,,,,,,,,,,,,,,,,,,,,,,,,,,
Optimism,,26/03/2018,Blockchain,,,,,,,,,,,,,,,,,,,,,,,,,,,,,,,,,,,,,,98.74,149.61,458.92,,,,,,,98.74,,,,,,149.61,,,458.92,,,,,,,,,,,,,,,,,,,,,,,,,,,,,,,,,,
Osmosis,OSMO,01/06/2021,DeFi Exchange,8.35,-2.78,-3.48,-8.5,43.54,259.4,-2.78,13.85,37.34,37.54,,10.96,1.24,53345672.98,2467060335,8350000000,0.98,1260406429,-4.55,-3.31,2.2,87.51,753.91,,13.28,53.4,113.08,,1331995002,1273044867,912228501.8,671119903.2,37429998948,2122505.93,9100013.69,18316674.54,23078891.28,-10.03,-14.98,77.92,842.47,35.48,65.04,293.32,,0,,,0,,,0,,,0,,,0,,,7431.87,0.02,-6.61,-43.94,-63.58,0.02,11.85,-28.52,-70.7,,7909.63,8993.54,12059.99,26636.67,,,,,,,,,,,,,,,,
PancakeSwap,CAKE,14/09/2020,DeFi Exchange,7.88,2.04,-0.52,-27.83,-57.02,-63.16,2.04,8.83,-27.4,-44.46,-13.26,43.96,0.19,66390567.46,2110874734,,4.94,4811897709,-0.76,2.65,-5.3,-32.03,-11.81,,11.76,-15.09,-4.55,,4788483306,4557315841,5346760602,5494236120,2.33E+11,9952891.95,45567595.02,221668644.1,453875127.5,11.35,-27.31,-70.42,-31.66,20.31,-24.55,-1.31,,3184925.42,11.35,20.31,455537.25,-28.92,-28.92,14581630.41,-27.31,-24.55,70933966.1,-70.42,-1.31,145240040.8,-31.66,,363.13,1.56,3.53,-1.94,6.16,1.56,19.24,16.64,-53.47,,368.69,338.38,286.87,450.61,11.35,1.56,3.53,-1.94,6.16,-56.01,1.56,19.24,16.64,-53.47,,11.52,10.57,8.96,14.08,1472615
Pangolin,PNG,23/04/2020,DeFi Exchange,0.39,4.05,8.13,-37.19,-81.41,-71.27,4.05,14.15,-48.35,-47.78,,18.85,0.28,668889.63,33025699.52,210193910,0.32,202628583.7,-6.33,16.83,-27.24,-50.99,-4.65,,25.32,-42.9,5.1,21.86,195065718.7,188055693.9,309844290.8,303964743.4,10264585470,638271.45,2483294.73,13064153.51,31121009.76,45.73,29.87,-80.48,-23.84,55.39,-23.23,-24.01,263.1,106378.58,45.73,55.39,13666.85,-24.54,-24.54,413882.46,29.87,-23.23,2177358.92,-80.48,17.04,4167501.82,,,682.59,0.93,5.05,-18.91,-71,0.93,19.84,-4.52,-58.08,,742.1,654.22,847.99,1422.34,40.96,0.93,5.05,-18.91,-71,,0.93,19.84,-4.52,,,44.53,39.25,50.88,115.79,87865
Perpetual Protocol,PERP,06/09/2020,DeFi Exchange,6.11,1.3,-5.37,-32.74,-64.9,-58.65,1.3,3.34,-22.89,-40.76,54.52,24.4,0.67,4647853.32,390424492.4,916500000,1.7,29559932.77,0.92,-3.95,23.3,178.99,223.37,,-2.75,47.51,50.78,,29657022.66,28691407.02,20164790.19,16722759.15,26709209127,343322.76,2128565.27,7003207.03,15478422.01,34.3,-26.25,12.38,-76.18,3.63,2.71,-18.37,-26.82,343322.76,34.3,3.63,46778.1,-30.31,-30.31,2128565.27,-26.25,2.71,7003207.03,12.38,-18.37,15478422.01,-76.18,-26.82,3436.31,0.83,1.08,-34.7,-66.45,0.83,15.05,-18.09,-25.6,48.33,3594.94,3835.54,5128.2,6076.04,34.36,0.83,1.08,-34.7,-66.45,-44.85,0.83,15.05,-18.09,-25.6,48.33,35.95,38.36,51.28,60.76,37860
PieDAO,DOUGH,23/04/2020,Asset Management DeFi,0.26,-1.57,-7.08,-27.54,-65.32,-23.48,-1.57,8.88,-33.21,-16.71,-48.24,6.27,0.1,12914.82,4014150,25880100,0.09,8324827.85,-5.11,-3.82,-24.06,-50.82,-39.67,,12.72,-28.77,-11.67,-22.83,8850968.56,8593617.27,12014352.25,12860657.6,,,,,,,,,,,,,,,,,,,,,,,,,,,,,,,,,,,,,,,,,,,,,,,,,,,,,,,,,,15833
Pocket Network,POKT,01/07/2021,Blockchain,,,,,,,,,,,,,,,,,,,,,,,,,,,,,,,,,,,,,,,,,,,,,,,,,,,,,,,,,,,,,,,,,,,,,,,,,,,,,,,,,,,,,,,,,,
Polkadot,DOT,20/08/2020,Blockchain,19.07,2.15,-10.92,-26.18,-57.56,-18.77,2.15,11.11,-21.25,-21.94,14.1,54.98,2.7,628851054.6,20659188842,,4.82,,,,,,,,,,,,,,,,76271579310,20443.43,95603.66,493491.6,1629562.34,-10.34,-35.89,-91.79,-37.05,22.91,-28.5,-52.82,184.09,16354.74,-10.34,22.91,1982.06,-24.75,-24.75,76482.93,-35.89,-28.5,394793.28,-91.79,-52.82,1303649.87,-37.05,184.09,1683302.56,0.42,-6.38,1.5,244.63,0.42,20.94,8.97,-40.66,-38.32,1818265.11,1551591.45,1150708.46,1523432.53,21041.28,0.42,-6.38,1.5,244.63,-53.3,0.42,20.94,8.97,-40.66,-38.32,22728.31,19394.89,14383.86,19042.91,1167200
Polygon,MATIC,26/04/2017,Blockchain Interoperability,1.71,2.38,-0.88,-24.93,0.56,26.06,2.38,15.21,-22.24,36.52,99.14,2.92,0,782385191.4,11718410039,17100000000,8.06,8298868408,,15.75,-20.95,1.13,707.47,,,,,,,,,,,410822.77,2543322.03,11575033.9,15558094.61,77.24,-32.3,-6.05,132.36,33.64,-55.64,195.81,1022.05,0,,,0,,,0,,,0,,,0,,,52768.18,-0.32,26.47,66.17,-32.71,-0.32,120.47,-38.36,-56.02,-99.15,57241.04,32271.09,49976.86,81782.52,,,,,,,,,,,,,,,,
Polymarket,,11/10/2020,DeFi Exchange Prediction Market,,,,,,,,,,,,,,,,,,,,,,,,,,,,,,,,,68747997.5,13456.4,99060.77,304993.5,748511.97,209.59,5.82,-6.68,-7.91,-18.5,12.35,-30.27,-20.41,0,,,0,,,0,,,0,,,0,,,,,,,,,,,,,,,,,,,,,,,,,,,,,,,,19107
PoolTogether,POOL,15/04/2019,Asset Management DeFi Other,3.05,5.81,1.04,-21.37,-71.08,-80.75,5.81,0.99,-36.7,-55.59,-50.66,53.98,2.26,43857.21,9316686.38,30500000,0.12,64024589.41,-1.06,-2.87,-8.62,-47.36,-64.52,,0.25,-10.22,-44.39,,65237317.61,66093887.68,78854363.84,110606974.1,26509963.27,5099.03,27171.6,109863.89,505031.62,,,,-96.43,-6.87,-19.44,-68.63,,2549.52,,-6.87,396.52,,,13585.8,,-19.44,54931.94,,-68.63,252515.81,-96.43,,9071.52,4.71,12.38,1.38,38.09,4.71,13.23,-22.74,3.65,3.95,8300.85,7231.12,8191.75,8014.37,181.43,4.71,12.38,1.38,38.09,-15.7,4.71,13.23,-22.74,3.65,,166.02,144.62,163.84,160.29,37201
PowerPool,CVP,23/04/2020,Asset Management DeFi,1.12,-1.13,-4.09,-15.83,-35.12,-18.45,-1.13,8.59,-18.83,-24.21,-20.39,17.27,0.71,1237393.23,30858309.25,112000000,1.75,15331890.29,,-0.56,-10.76,-27.82,-26.98,,-0.03,-12.18,-20.64,,15400456.84,15817658.03,17328027.07,19622677.63,,,,,,,,,,,,,,,,,,,,,,,,,,,,,,,,,,,,,,,,,,,,,,,,,,,,,,,,,,30232
QuickSwap,QUICK,05/10/2020,DeFi Exchange,193.84,2.27,-0.97,-26.38,-49.14,-69.6,2.27,11.76,-25.57,-42.45,-18.3,1590.57,31.76,4179214.71,70048645.71,193840000,1.16,737588142.8,-2.95,7.48,-9.7,-0.85,-28.74,,9.39,-10.29,-6.48,24.02,727691190.3,707248685.5,739248952.6,763418697.5,28341830958,1695338.58,6769376.38,24993192.06,48016948.81,66.93,-3.33,-4.13,-38.96,71.24,-17.29,8.9,-30.26,226045.14,66.93,71.24,26859.59,-21.18,-21.18,902583.52,-3.33,-17.29,3332425.61,-4.13,8.9,6402259.84,-38.96,-30.26,227.98,0.29,-2.86,-11.35,-39.8,0.29,19.15,-5.56,-48.24,-66.58,247.2,227.17,254.16,373.36,17.1,0.29,-2.86,-11.35,-39.8,-62.2,0.29,19.15,-5.56,-48.24,-66.58,18.54,17.04,19.06,28,68489
Rarible,RARI,19/09/2020,DeFi NFT,8.72,-3.68,-8.82,-31.79,-57.52,-61.22,-3.68,9.96,-27.47,-33.95,-0.85,46.7,0.26,626991.51,52693351.31,218000000,0.45,,,,,,,,,,,,,,,,0,,,,,-50.25,-80.63,-92.5,-56.29,,,,,,-50.25,,,,,,-80.63,,,-92.5,,,-56.29,,,,,,,,,,,,,,,,,,,,,,,,,,,,,,,402453
Rari Capital,RGT,21/04/2020,Asset Management DeFi,19.52,0.04,-10.17,-39.41,-50.57,83.4,0.04,1.91,-5.9,-3.83,126.48,64.62,0.21,703988.05,219658409.4,243964337,0.66,759697879.6,2.22,12.5,-19.68,-36.81,451.94,,6.93,-26.82,69.17,1062.47,701101730.5,712781901.7,952390709.2,763372658.3,,,,,,,,,,,,,,,,,,,,,,,,,,,,,,,,,,,,,,,,,,,,,,,,,,,,,,,,,,48426
Reflexer,FLX,26/10/2020,DeFi Lending Stablecoin,158.36,-1.05,-24.58,-51.33,-58.67,-42.64,-1.05,-0.04,-59.53,11.81,,1839.79,110.57,99363.96,27576631.67,158360000,0.23,161719012,-5,-1.25,-11.25,-48.8,-5.39,,19.87,-18.48,-6.5,,168320210.9,158672281.7,193075494.3,201369821.2,73296806.69,1203.46,11405.73,80462.59,164637.54,3.92,-81.93,-85.09,-74.06,12.79,-63.45,-2.1,-72.4,1203.46,3.92,12.79,204.88,0.72,0.72,4363.93,,,4363.93,,,4363.93,,,98386.3,0.65,5.93,26.19,8.07,0.65,41.69,-44.28,-13.47,,98485.25,68391.16,91352.32,98107.73,3082.03,0.65,-45.38,,,,0.65,-35.69,,,,4121.23,12706.02,12706.02,12706.02,17526
Ren,REN,27/05/2020,DeFi Interoperability,0.36,1.91,1.78,-22.86,-60.18,-38.85,1.91,12.39,-33.45,-37.71,0.95,1.8,0.02,21147567.71,361301412.1,361499000,9.27,1337046849,-3.15,2.1,26.86,-19.18,72.21,,8.37,4.88,-1.76,82.78,1360104315,1201838725,1234952932,1253342943,8192589642,67010.31,1016757.9,2086855.52,5072575.6,6.49,-67.94,-21.26,-46.86,-30.84,221.85,-29.46,-4.9,0,,,0,,,0,,,0,,,0,,,2941.68,2.02,0.03,-75.29,-67.21,2.02,9.47,-39.79,-4.68,24.82,3062.17,4981.36,7582.69,7779.67,,,,,,,,,,,,,,,,113976
Ribbon Finance,RBN,26/01/2021,Asset Management DeFi,2.17,2.56,23.51,-27.16,16.66,,2.56,5.63,-11.57,,,5.54,1.31,1939044.81,111205266,2170000000,0.44,200666331.7,-5.65,18.81,-26.19,-0.16,96.16,,7.11,-18.26,74.51,,184093488.3,214444837.1,228929353.8,180246261.5,172247397.1,873531.68,3153869.86,11564587.03,19361083.91,,-100,-100,,21.18,2.22,48.33,277.53,114728.31,,4.44,0,-100,-100,412853.79,-100,47.25,1382200.46,-100,415.69,1650232.7,,,4696,11.1,20.01,-14.3,-16.53,11.1,4.5,11.1,,,4712.59,5174.26,4688.68,5714.05,336.1,11.1,19.25,-32.43,-45.37,,11.1,1.52,-27.58,,,333.36,385.79,420.7,9768.65,
Saddle Finance,,21/04/2020,DeFi Exchange,,,,,,,,,,,,,,,,,,249258164.7,-2.41,2.89,52.66,44.75,10.17,,10,25.05,16.72,,253039583.6,214034655.8,190780249.6,176647043.8,2688708212,8965.96,89544.28,181441.14,306947.45,124.18,36.69,106.29,198.53,-9.25,127.38,45.33,69.09,0,,,0,,,0,,,0,,,0,,,,,,,,,,,,,,,,,,,,,,,,,,,,,,,,12435
Set Protocol,,01/10/2017,Asset Management DeFi,,,,,,,,,,,,,,,,,,252901849.7,-11.99,-4.41,-25.89,-57.59,-29.27,,17.33,-33,-7.24,,274875136.3,266887092.8,388343656.6,406168061.1,,,,,,,,,,,,,,,,,,,,,,,,,,,,,,,,,,,,,,,,,,,,,,,,,,,,,,,,,,41676
Solana,SOL,19/03/2020,Blockchain,96.22,2.63,-15.84,-34.5,-59.7,49.63,2.63,8.87,-33.41,2.52,434.55,259.96,0.5,1152018253,30570348771,48897172260,3.55,,,,,,,,,,,,,,,,,31969.63,2942427.73,15691543.31,29317528.85,-74.04,-80.44,-87.95,24.07,-40.66,-39.98,25.09,1248.88,15984.82,-74.04,-40.66,15984.82,,,1471213.86,-80.44,-39.98,7845771.65,-87.95,25.09,14658764.43,24.07,1248.88,125647.21,-0.25,6.34,26.89,-17.07,-0.25,26.94,-8.9,-54.61,-56.5,128582.35,100619.67,109565.21,174685.62,2512.94,-0.25,6.34,26.89,-17.07,-72.25,-0.25,26.94,-8.9,-54.61,-56.5,2571.65,2012.39,2191.3,3493.71,
SpookySwap,BOO,01/04/2021,DeFi Exchange,19.59,-1.75,-20.19,-37.38,-26.29,239.67,-1.75,-3.67,41.75,8.84,,39.97,0.32,4253026.45,161119288.5,267716940,1.3,1258986300,-6.04,-6.28,-15.47,78.66,1410.39,,9.04,39.88,157.47,,1369859612,1324903813,996208048.4,692698088.1,2.35E+11,18425695.34,38237334.77,67787058.78,88882283.63,-57.25,-18.78,81.49,990.68,370.07,138.82,226.81,2049.7,2763854.3,-57.25,370.07,84433.39,-14.59,-14.59,5735600.22,-18.78,138.82,10168058.82,81.49,226.81,13332342.54,990.68,2049.7,56.97,-8.3,-47.07,-73.31,-80.36,-8.3,-27.39,-22.53,-74.24,,76.42,130.59,159.89,388.58,3.8,-8.3,-47.07,-73.31,-80.36,-95.74,-8.3,-27.39,-22.53,-74.24,,5.09,8.71,10.66,25.91,
Stake DAO,SDT,23/04/2020,Asset Management DeFi,1.51,0.56,-24.63,-29.23,-40.5,11.7,0.56,-4.05,5.15,-20.73,-48.56,17.38,0.78,96346.01,38334765.61,151000000,0.3,393654580.6,-2.13,1.85,-6.58,63.08,208.29,,6.42,12.42,111.29,,396454451.7,386960407.2,325930629.9,240025037.5,,,,,,,,,,,,,,,,,,,,,,,,,,,,,,,,,,,,,,,,,,,,,,,,,,,,,,,,,,22929
Stellar,XLM,10/04/2014,Blockchain,0.22,2.35,2.36,-19.04,-42.09,-35.62,2.35,15.08,-18.49,-21.88,-22.7,0.88,0,207139210,5460379766,10966195253,2.53,,,,,,,,,,,,,,,,33077069232,536.65,1760.07,168556.1,215132.01,-12.49,-28.09,-94.09,-65.93,68.57,-96.75,271.26,1744.1,0,,,0,,,0,,,0,,,0,,,47807782.12,1.42,0.76,2268.51,964.9,1.42,9.22,3364.87,-66.44,-78,49906571.08,31698058.69,11522970.21,22212108.17,,,,,,,,,,,,,,,,737556
SushiSwap,SUSHI,09/09/2020,DeFi Exchange,4.17,1.82,-11.38,-41.06,-59.98,-66.73,1.82,9.99,-32.03,-42.8,-27.97,23.38,0.48,98930219.42,803810432.1,1042500000,14.58,4540815901,-5.59,-2.47,-15.57,-25.18,0.51,,-1.14,-4.89,-0.74,35.43,4740157598,4940160067,5280887319,5313778986,1.15E+11,3691795.33,27529001.16,104305469.6,232362315.6,2.3,-48.75,-64.1,-69.72,-11.93,-18.56,-17.7,-4.25,615299.22,2.3,-11.93,76808.25,-36.16,-36.16,4588166.86,-48.75,-18.56,17384244.93,-64.1,-17.7,38727052.59,-69.72,-4.25,301.39,1.97,1.36,-28.1,-35.84,1.97,30.59,-30.43,-44.33,-32.65,317.35,292.41,349.17,487.41,18.08,1.97,1.36,-28.1,-35.84,-68.8,1.97,30.59,-30.43,-44.33,-32.65,19.04,17.54,20.95,29.24,198093
Synthetix,SNX,07/12/2018,DeFi Exchange Other,4.85,0.42,-16.33,-4.76,-49.54,-56.87,0.42,3.39,-10.23,-44.91,-42.25,28.53,0.03,35645878.66,978448837.1,1176217509,4.2,1046394978,-6.81,-10.99,-14.33,-48.87,-47.38,,9.29,-19.78,-30.89,-10.46,1150711276,1091307146,1374475524,1689055153,5333930080,273509.7,1289008.62,3291153.2,7528866.08,141.62,80.88,169.26,-42.41,-24.22,127.93,-22.84,-65.24,273509.7,141.62,-24.22,31190.56,-46.56,-46.56,1289008.62,80.88,127.93,3291153.2,169.26,-22.84,7528866.08,-42.41,-65.24,7486.74,-0.7,-26.27,-57.81,-52.93,-0.7,-8.45,-0.17,-13.29,18.99,8798.4,11987.22,11553.14,12531.41,74.87,-0.7,-26.27,-57.81,-52.93,44.13,-0.7,-8.45,-0.17,-13.29,18.99,87.98,119.87,115.53,125.31,187849
Terra,LUNA,23/04/2019,Blockchain,53.47,5.18,-3.63,-31.68,10.62,112.49,5.18,9.7,-22.37,73.7,358.45,103.34,0.12,892710505.1,21259196066,53470000000,2.45,,,,,,,,,,,,,,,,1.77E+11,0,65483.11,1011791.13,2898155.13,,-100,-100,-100,,-82.64,-44.88,-21.74,0,,,0,,,0,,,0,,,0,,,4951826.88,6.04,92.51,256.48,539.26,6.04,105.03,40.56,185.46,566.27,3751541.97,2029679.78,1432269.59,965769.04,,,,,,,,,,,,,,,,331731
Tezos,XTZ,16/09/2018,Blockchain,4.04,-2.9,2.37,-2.55,-29.65,18.61,-2.9,16.15,-16.57,-27.81,27.48,9.12,0.35,137487947.2,3541565236,,8.6,,,,,,,,,,,,,,,,15986443247,21318.41,96651.14,436105.59,1061654.45,1.92,-50.05,-44.05,50.64,4.02,-41.3,-29.28,255.97,0,,,0,,,0,,,0,,,0,,,286682.24,-4.83,4.12,65.43,13.03,-4.83,25.52,38.55,-22.08,-74.7,295866.89,231575.87,202476,230392.24,,,,,,,,,,,,,,,,334600
The Graph,GRT,22/04/2018,DeFi Other,0.42,0.96,-7.27,-27.49,-59.46,-52,0.96,12.36,-28.2,-25.1,-36,2.84,0.1,47675734.51,2565197152,4166000000,1.86,,,,,,,,,,,,,,,,,69.27,604.45,12720.11,39418.94,,-100,,-100,-52.26,-61.47,-52.46,-76.9,40.35,,-63.14,0,-100,-100,247.24,-100,-10.49,3081.93,,410.98,3684.48,-100,16.92,23527629.97,-0.41,-9.82,130.13,148.85,-0.41,7.06,108.91,48.63,51.31,26715978.34,18554021.34,12017599.87,10045217.42,310468.59,-0.41,-10.6,37.67,-96.51,-94.26,-0.41,2.19,-46.76,-62.21,-33.74,354921.91,282636.03,1960469.54,3704894.81,
Thorchain,RUNE,22/04/2018,Interoperability,4.07,0.57,-12.89,-35.66,-66.59,-51.39,0.57,15.51,-32.01,-28.43,-3.38,20.87,0.01,31281396.03,1225730819,2035000000,2.92,167364813.9,-5.87,-4.59,-11.96,-52.67,64.49,,10.27,-10.86,19.91,-34.29,178395608.4,168861633,213047078.3,197321474.6,,,,,,,,,,,,,,,,,,,,,,,,,,,,,,,,,,,,,,,,,,,,,,,,,,,,,,,,,,140769
Tokenlon,LON,22/12/2020,DeFi Exchange,1.15,13.72,13.5,-13.4,-43.28,-51.25,13.72,0.54,-27.5,-34.47,-59.71,9.81,0.97,3770556.55,29201731.55,230000000,0.39,,,,,,,,,,,,,,,,,,,,,,,,,,,,,,,,,,,,,,,,,,,,,,,,,,,,,,,,,,,,,,,,,,,,,,,,,10936
Trader Joe,JOE,29/06/2021,DeFi Exchange,1.27,6.89,-11.92,-15.55,-54.9,3370.25,6.89,-0.21,-37.39,-10.05,,5.09,0.03,10779427.64,213239330,635000000,2.76,1468236333,-0.38,6.95,-17.02,-27.79,6967.65,,18.43,-34.84,54.67,,1429612433,1281176559,1833595745,1519708623,96475264480,4658802.45,23477408.31,100101971.5,158343583,27.6,9.71,-54.02,5392.5,9.06,-13.66,78.21,188278.07,776467.07,27.6,9.06,102270.13,-26.94,-26.94,3912901.39,9.71,-13.66,16683661.92,-54.02,78.21,26390597.16,5392.5,188278.07,219.4,1.87,-12.31,-2.4,-48.43,1.87,4.61,-4.01,-77.27,,238.31,210.48,245.71,649.61,13.16,1.87,-12.31,-2.4,-48.43,-94.62,1.87,4.61,-4.01,-77.27,,14.3,12.63,14.74,38.98,
UMA,UMA,11/04/2020,DeFi Other,6.24,6.06,-2.58,-24.98,-69.62,-45.07,6.06,8.62,-28.66,-16.04,-39.25,41.56,0.3,22106051.74,407984886.7,662666777.8,1.58,110426576,-3.68,0.32,-0.8,95.7,8.34,,5.9,11.5,4.71,-32.54,112564883.1,107074553.6,86197438.62,83834789.17,,,,,,,,,,,,,,,,,,,,,,,,,,,,,,,,,,,,,,,,,,,,,,,,,,,,,,,,,,54094
Uniswap,UNI,02/11/2018,DeFi Exchange,10.7,0.09,-5.07,-31.07,-55.58,-59.39,0.09,6.23,-24.74,-36.07,-23.02,44.92,1.03,97543235.05,4882731384,10700000000,1.5,7609793949,,4.16,-5.28,-27.27,61.22,,12.52,-15.52,60.23,24.91,7607784879,7152472388,8487574435,6922332283,7.94E+11,19660501.9,102335956.8,420850708.3,863121950.7,5.63,-32.67,-58.56,-47.35,19.76,-18.4,-3.23,18.91,0,,,0,,,0,,,0,,,0,,,824.11,0.57,2.56,-16.56,-17.47,0.57,17.2,-4.52,-52.66,-37.22,874.11,831.86,825.16,1279.77,,,,,,,,,,,,,,,,840613
Unit Protocol,DUCK,21/04/2019,DeFi Lending Stablecoin,0.01,3.09,4.22,-26.78,-70.18,-89.64,3.09,10.13,-37.31,-77.94,-77.56,0.66,0.01,79056.78,3285449.53,8379488.18,0.76,6624169.59,-6.1,-10.45,-63.19,-92.51,-97.79,,-0.74,-38.56,-92.71,-47.88,7213310.77,8973860.95,19621968.66,149199362.6,,,,,,,,,,,,,,,,,,,,,,,,,,,,,,,,,,,,,,,,,,,,,,,,,,,,,,,,,,7036
Venus,XVS,14/09/2020,DeFi Lending Stablecoin,8.84,-0.23,1.94,-36.3,-63.72,-73.99,-0.23,16.97,-35.56,-48.12,-53.88,146.82,1.65,4621456.86,105120055.7,265200000,2.78,1622025918,-6.26,-1.44,-19.27,-40.13,-33.96,,14.05,-15.37,-20.02,,1681144746,1676902655,1968228328,2222518900,,,,,,,,,,,,,,,,,,,,,,,,,,,,,,,,,,,,,,,,,,,,,,,,,,,,,,,,,,144000
Vesper Finance,VSP,22/04/2020,Asset Management DeFi,2.6,-2.77,-15.5,-51.6,-60.11,-64.96,-2.77,-8.83,-6.46,-48.41,-75.69,79.51,2.46,59285.93,22102878.36,26000000,0.75,65506148.48,-6.45,-11.23,-55.76,-79.19,-86.36,,1.83,-39.17,-54.38,-67.79,72299794.58,93979987.15,158340499.8,254224201.1,,,,,,,,,,,,,,,,,,,,,,,,,,,,,,,,,,,,,,,,,,,,,,,,,,,,,,,,,,20020
Volmex,,01/01/2021,DeFi Other,,,,,,,,,,,,,,,,,,1654390.98,-0.03,1.31,6.4,37.03,58.46,,2.35,10.14,35.63,,1648724.68,1588904.8,1447546.23,1256275.51,,,,,,,,,,,,,,,,,,,,,,,,,,,,,,,,,,,,,,,,,,,,,,,,,,,,,,,,,,
WakaSwap,WAKA,01/05/2021,DeFi Exchange,,,,,,,,,,,,,,,,,,,,,,,,,,,,,,,,,12818987.4,375.37,2777.5,20269.25,145652.93,139.79,-61.62,-44.19,-93.95,10.91,-63.96,-83.87,-78.08,125.12,139.79,10.91,27.45,100.5,100.5,925.83,-61.62,-63.96,6756.42,-44.19,-83.87,48550.98,-93.95,-78.08,,,,,,,,,,,,,,,,,,,,,,,,,,,,,,
yearn.finance,YFI,17/07/2020,Asset Management DeFi,23313,1.78,-7.69,-26.03,-30.61,-38.21,1.78,3.62,-17.33,-16.75,-19.6,90787,31.65,78575274.15,832024893.4,854794458,12.83,4183380707,0.2,0.01,-28.61,-33.53,-0.48,,2.39,-22.89,1.94,66.44,4200427631,4293744470,5270651939,5237585912,2660982434,2669006.71,12003401.95,48112561.43,119175177.1,-50.86,-81.73,-80.17,-76.72,10.84,-27.31,-30.98,21.09,1024056.74,-46.95,16.42,75538.84,-72.65,-72.65,4956738.17,-80.6,-31.57,20964308.05,-76.88,-17.74,46909212.92,-71.48,33.79,552.6,0.9,-6.81,5.28,52.8,0.9,11.11,-3.8,1.86,-72.4,587.43,523.84,476.74,470.53,13.49,0.9,-1.88,12.74,32.68,-14.46,0.9,14.3,0.9,-12.71,-78.26,14.02,12.19,11.12,11.9,182533
Yield Guild Games,YGG,28/06/2021,Asset Management DeFi Gaming,3.13,-1.25,-17.8,-32.02,-53.68,-50.08,-1.25,13.71,-33.38,-22.76,,11.17,0.96,18990900.12,275513164.4,3130000000,0.96,,,,,,,,,,,,,,,,,,,,,116.19,-42.25,-56.99,-81.26,,-25.54,-62.4,,,116.19,,,,,,-42.25,-25.54,,-56.99,-62.4,,-81.26,,100948.08,-2.6,-8.78,22.84,115.85,-2.6,54.88,5.26,114.67,,112820.5,77571.33,68205.35,49997.73,3364.94,-2.6,-8.78,22.84,115.85,494.31,-2.6,54.88,5.26,114.67,,3760.68,2585.71,2273.51,1666.59,
Yield Yak,YAK,01/02/2021,Asset Management DeFi,2379.13,-0.33,-13.7,-7.98,-46.3,52.1,-0.33,32.51,-26.86,-60.11,,16319.34,1068.23,146749.5,20390343.05,23791300,0.35,343002367.1,,10.98,-20.1,-23.81,,,8.55,-34.62,,,,,,,,,,,,,,,,,,,,,,,,,,,,,,,,,,,,,,,,,,,,,,,,,,,,,,,,,,,,,,,,
Zcash,ZEC,28/10/2016,Blockchain,117.55,2.12,0.97,-18.47,-40.13,-16.8,2.12,26.96,-25.64,8.04,-6.28,3191.93,19.75,134855425.7,1424141951,2468550000,8.78,,,,,,,,,,,,,,,,6371940808,645.13,2327.73,11889.16,25261.55,-27.69,-18.45,-68.5,-64.1,40.83,-33.45,-9.25,-26.51,0,,,0,,,0,,,0,,,0,,,8385407.51,0.87,-1.77,21.03,10.93,0.87,30.3,25.95,6.53,23.97,9096272.97,7042533.09,6295706.32,6115521.84,,,,,,,,,,,,,,,,6402
